,code,date,value
0,temperature,20150101,36.6
1,temperature,20160101,41.9
2,temperature,20150102,41.4
3,temperature,20160102,40.2
4,temperature,20150103,40.3
5,temperature,20160103,40.1
6,temperature,20150104,53.3
7,temperature,20160104,33.5
8,temperature,20150105,39.3
9,temperature,20160105,25.2
10,temperature,20150106,26.6
11,temperature,20160106,31.2
12,temperature,20150107,23.8
13,temperature,20160107,38.9
14,temperature,20150108,19.2
15,temperature,20160108,41.2
16,temperature,20150109,32.0
17,temperature,20160109,45.2
18,temperature,20150110,24.7
19,temperature,20160110,53.3
20,temperature,20150111,32.4
21,temperature,20160111,33.5
22,temperature,20150112,38.0
23,temperature,20160112,36.8
24,temperature,20150113,35.4
25,temperature,20160113,26.6
26,temperature,20150114,30.2
27,temperature,20160114,38.8
28,temperature,20150115,35.2
29,temperature,20160115,43.8
30,temperature,20150116,38.0
31,temperature,20160116,44.2
32,temperature,20150117,33.9
33,temperature,20160117,35.1
34,temperature,20150118,40.4
35,temperature,20160118,22.0
36,temperature,20150119,42.4
37,temperature,20160119,20.9
38,temperature,20150120,39.0
39,temperature,20160120,25.6
40,temperature,20150121,36.1
41,temperature,20160121,28.3
42,temperature,20150122,40.7
43,temperature,20160122,24.4
44,temperature,20150123,37.5
45,temperature,20160123,26.2
46,temperature,20150124,38.8
47,temperature,20160124,27.6
48,temperature,20150125,45.2
49,temperature,20160125,29.0
50,temperature,20150126,35.6
51,temperature,20160126,42.1
52,temperature,20150127,33.1
53,temperature,20160127,39.8
54,temperature,20150128,31.0
55,temperature,20160128,33.2
56,temperature,20150129,33.9
57,temperature,20160129,35.6
58,temperature,20150130,37.1
59,temperature,20160130,35.1
60,temperature,20150131,27.7
61,temperature,20160131,45.6
62,temperature,20150201,36.0
63,temperature,20160201,49.0
64,temperature,20150202,38.0
65,temperature,20160202,43.6
66,temperature,20150203,30.3
67,temperature,20160203,49.5
68,temperature,20150204,41.6
69,temperature,20160204,51.9
70,temperature,20150205,33.7
71,temperature,20160205,38.3
72,temperature,20150206,27.8
73,temperature,20160206,36.4
74,temperature,20150207,37.6
75,temperature,20160207,38.5
76,temperature,20150208,46.2
77,temperature,20160208,40.5
78,temperature,20150209,38.1
79,temperature,20160209,37.0
80,temperature,20150210,35.3
81,temperature,20160210,31.9
82,temperature,20150211,36.9
83,temperature,20160211,25.0
84,temperature,20150212,35.5
85,temperature,20160212,25.6
86,temperature,20150213,22.7
87,temperature,20160213,21.2
88,temperature,20150214,31.7
89,temperature,20160214,19.9
90,temperature,20150215,15.9
91,temperature,20160215,26.5
92,temperature,20150216,15.9
93,temperature,20160216,41.4
94,temperature,20150217,21.4
95,temperature,20160217,39.8
96,temperature,20150218,25.9
97,temperature,20160218,35.3
98,temperature,20150219,15.2
99,temperature,20160219,34.2
100,temperature,20150220,14.1
101,temperature,20160220,48.9
102,temperature,20150221,26.5
103,temperature,20160221,50.7
104,temperature,20150222,39.3
105,temperature,20160222,46.6
106,temperature,20150223,31.1
107,temperature,20160223,43.2
108,temperature,20150224,22.3
109,temperature,20160224,52.5
110,temperature,20150225,32.2
111,temperature,20160225,47.1
112,temperature,20150226,33.7
113,temperature,20160226,36.5
114,temperature,20150227,32.1
115,temperature,20160227,37.6
116,temperature,20150228,25.9
117,temperature,20160228,49.1
118,temperature,20150301,30.6
119,temperature,20160229,56.4
120,temperature,20150302,36.7
121,temperature,20160301,53.6
122,temperature,20150303,34.7
123,temperature,20160302,42.2
124,temperature,20150304,45.1
125,temperature,20160303,34.7
126,temperature,20150305,33.3
127,temperature,20160304,35.5
128,temperature,20150306,22.9
129,temperature,20160305,39.0
130,temperature,20150307,33.6
131,temperature,20160306,42.5
132,temperature,20150308,46.8
133,temperature,20160307,50.0
134,temperature,20150309,39.0
135,temperature,20160308,60.9
136,temperature,20150310,46.6
137,temperature,20160309,62.3
138,temperature,20150311,52.8
139,temperature,20160310,67.2
140,temperature,20150312,51.1
141,temperature,20160311,66.1
142,temperature,20150313,46.7
143,temperature,20160312,54.6
144,temperature,20150314,50.9
145,temperature,20160313,54.0
146,temperature,20150315,51.5
147,temperature,20160314,50.0
148,temperature,20150316,51.3
149,temperature,20160315,52.2
150,temperature,20150317,56.0
151,temperature,20160316,61.2
152,temperature,20150318,43.8
153,temperature,20160317,58.7
154,temperature,20150319,45.7
155,temperature,20160318,58.5
156,temperature,20150320,38.4
157,temperature,20160319,41.8
158,temperature,20150321,46.5
159,temperature,20160320,40.2
160,temperature,20150322,50.3
161,temperature,20160321,44.2
162,temperature,20150323,42.8
163,temperature,20160322,49.3
164,temperature,20150324,42.5
165,temperature,20160323,61.4
166,temperature,20150325,44.4
167,temperature,20160324,64.6
168,temperature,20150326,59.8
169,temperature,20160325,64.3
170,temperature,20150327,47.8
171,temperature,20160326,50.8
172,temperature,20150328,35.7
173,temperature,20160327,52.0
174,temperature,20150329,37.9
175,temperature,20160328,53.7
176,temperature,20150330,51.5
177,temperature,20160329,53.4
178,temperature,20150331,57.2
179,temperature,20160330,52.0
180,temperature,20150401,50.3
181,temperature,20160331,64.6
182,temperature,20150402,59.3
183,temperature,20160401,71.2
184,temperature,20150403,66.7
185,temperature,20160402,57.0
186,temperature,20150404,58.5
187,temperature,20160403,45.4
188,temperature,20150405,55.9
189,temperature,20160404,57.9
190,temperature,20150406,63.3
191,temperature,20160405,38.9
192,temperature,20150407,66.0
193,temperature,20160406,46.0
194,temperature,20150408,49.3
195,temperature,20160407,54.7
196,temperature,20150409,46.9
197,temperature,20160408,47.8
198,temperature,20150410,52.3
199,temperature,20160409,40.4
200,temperature,20150411,61.3
201,temperature,20160410,41.5
202,temperature,20150412,58.5
203,temperature,20160411,59.3
204,temperature,20150413,65.5
205,temperature,20160412,60.1
206,temperature,20150414,61.5
207,temperature,20160413,50.7
208,temperature,20150415,60.4
209,temperature,20160414,52.8
210,temperature,20150416,63.2
211,temperature,20160415,54.0
212,temperature,20150417,66.8
213,temperature,20160416,58.3
214,temperature,20150418,71.3
215,temperature,20160417,59.8
216,temperature,20150419,62.6
217,temperature,20160418,68.3
218,temperature,20150420,68.1
219,temperature,20160419,70.0
220,temperature,20150421,63.9
221,temperature,20160420,61.1
222,temperature,20150422,61.0
223,temperature,20160421,62.2
224,temperature,20150423,52.6
225,temperature,20160422,67.9
226,temperature,20150424,51.5
227,temperature,20160423,63.6
228,temperature,20150425,48.4
229,temperature,20160424,57.7
230,temperature,20150426,55.4
231,temperature,20160425,64.3
232,temperature,20150427,55.4
233,temperature,20160426,75.5
234,temperature,20150428,60.6
235,temperature,20160427,57.3
236,temperature,20150429,65.3
237,temperature,20160428,52.5
238,temperature,20150430,64.8
239,temperature,20160429,51.5
240,temperature,20150501,57.7
241,temperature,20160430,53.7
242,temperature,20150502,63.5
243,temperature,20160501,54.5
244,temperature,20150503,69.2
245,temperature,20160502,62.1
246,temperature,20150504,71.5
247,temperature,20160503,64.1
248,temperature,20150505,72.6
249,temperature,20160504,56.2
250,temperature,20150506,73.5
251,temperature,20160505,53.3
252,temperature,20150507,71.4
253,temperature,20160506,53.1
254,temperature,20150508,73.6
255,temperature,20160507,55.3
256,temperature,20150509,71.8
257,temperature,20160508,63.1
258,temperature,20150510,75.5
259,temperature,20160509,57.6
260,temperature,20150511,75.8
261,temperature,20160510,60.1
262,temperature,20150512,79.9
263,temperature,20160511,56.7
264,temperature,20150513,64.8
265,temperature,20160512,61.0
266,temperature,20150514,62.5
267,temperature,20160513,66.4
268,temperature,20150515,67.7
269,temperature,20160514,62.1
270,temperature,20150516,73.8
271,temperature,20160515,54.6
272,temperature,20150517,77.6
273,temperature,20160516,56.6
274,temperature,20150518,79.2
275,temperature,20160517,55.5
276,temperature,20150519,78.9
277,temperature,20160518,58.7
278,temperature,20150520,68.4
279,temperature,20160519,62.1
280,temperature,20150521,55.7
281,temperature,20160520,65.4
282,temperature,20150522,66.4
283,temperature,20160521,57.5
284,temperature,20150523,65.6
285,temperature,20160522,55.8
286,temperature,20150524,70.4
287,temperature,20160523,63.5
288,temperature,20150525,76.3
289,temperature,20160524,71.3
290,temperature,20150526,78.3
291,temperature,20160525,73.2
292,temperature,20150527,79.3
293,temperature,20160526,74.6
294,temperature,20150528,80.2
295,temperature,20160527,77.8
296,temperature,20150529,79.3
297,temperature,20160528,78.1
298,temperature,20150530,79.0
299,temperature,20160529,72.1
300,temperature,20150531,81.9
301,temperature,20160530,73.6
302,temperature,20150601,78.0
303,temperature,20160531,76.3
304,temperature,20150602,66.8
305,temperature,20160601,77.6
306,temperature,20150603,61.3
307,temperature,20160602,73.4
308,temperature,20150604,62.5
309,temperature,20160603,74.6
310,temperature,20150605,66.3
311,temperature,20160604,74.5
312,temperature,20150606,74.1
313,temperature,20160605,75.8
314,temperature,20150607,72.8
315,temperature,20160606,77.7
316,temperature,20150608,74.5
317,temperature,20160607,76.8
318,temperature,20150609,79.3
319,temperature,20160608,68.4
320,temperature,20150610,77.2
321,temperature,20160609,70.3
322,temperature,20150611,81.8
323,temperature,20160610,73.3
324,temperature,20150612,83.6
325,temperature,20160611,80.5
326,temperature,20150613,84.1
327,temperature,20160612,83.2
328,temperature,20150614,83.4
329,temperature,20160613,72.8
330,temperature,20150615,83.4
331,temperature,20160614,74.4
332,temperature,20150616,86.2
333,temperature,20160615,74.2
334,temperature,20150617,78.6
335,temperature,20160616,75.1
336,temperature,20150618,78.2
337,temperature,20160617,71.7
338,temperature,20150619,80.8
339,temperature,20160618,75.2
340,temperature,20150620,80.4
341,temperature,20160619,77.7
342,temperature,20150621,83.2
343,temperature,20160620,79.9
344,temperature,20150622,86.0
345,temperature,20160621,76.2
346,temperature,20150623,83.0
347,temperature,20160622,77.3
348,temperature,20150624,78.7
349,temperature,20160623,75.4
350,temperature,20150625,78.1
351,temperature,20160624,77.8
352,temperature,20150626,75.7
353,temperature,20160625,76.6
354,temperature,20150627,73.1
355,temperature,20160626,76.5
356,temperature,20150628,73.4
357,temperature,20160627,76.9
358,temperature,20150629,74.8
359,temperature,20160628,75.4
360,temperature,20150630,79.1
361,temperature,20160629,74.5
362,temperature,20150701,75.3
363,temperature,20160630,75.0
364,temperature,20150702,74.5
365,temperature,20160701,78.4
366,temperature,20150703,73.5
367,temperature,20160702,75.3
368,temperature,20150704,75.5
369,temperature,20160703,69.7
370,temperature,20150705,77.2
371,temperature,20160704,71.9
372,temperature,20150706,80.6
373,temperature,20160705,79.8
374,temperature,20150707,81.0
375,temperature,20160706,87.6
376,temperature,20150708,80.7
377,temperature,20160707,85.4
378,temperature,20150709,85.2
379,temperature,20160708,82.7
380,temperature,20150710,82.4
381,temperature,20160709,83.7
382,temperature,20150711,79.1
383,temperature,20160710,80.9
384,temperature,20150712,80.0
385,temperature,20160711,81.1
386,temperature,20150713,77.6
387,temperature,20160712,79.7
388,temperature,20150714,80.9
389,temperature,20160713,81.1
390,temperature,20150715,80.1
391,temperature,20160714,86.1
392,temperature,20150716,75.5
393,temperature,20160715,84.9
394,temperature,20150717,77.1
395,temperature,20160716,80.6
396,temperature,20150718,81.2
397,temperature,20160717,81.2
398,temperature,20150719,87.3
399,temperature,20160718,80.5
400,temperature,20150720,88.8
401,temperature,20160719,79.3
402,temperature,20150721,86.4
403,temperature,20160720,77.4
404,temperature,20150722,80.9
405,temperature,20160721,80.7
406,temperature,20150723,79.9
407,temperature,20160722,84.7
408,temperature,20150724,80.3
409,temperature,20160723,90.1
410,temperature,20150725,81.5
411,temperature,20160724,88.3
412,temperature,20150726,82.7
413,temperature,20160725,89.2
414,temperature,20150727,81.2
415,temperature,20160726,87.8
416,temperature,20150728,83.6
417,temperature,20160727,87.4
418,temperature,20150729,84.4
419,temperature,20160728,82.6
420,temperature,20150730,82.8
421,temperature,20160729,79.2
422,temperature,20150731,83.9
423,temperature,20160730,81.0
424,temperature,20150801,83.4
425,temperature,20160731,80.3
426,temperature,20150802,81.6
427,temperature,20160801,82.6
428,temperature,20150803,82.8
429,temperature,20160802,81.0
430,temperature,20150804,84.7
431,temperature,20160803,77.0
432,temperature,20150805,84.0
433,temperature,20160804,77.8
434,temperature,20150806,79.8
435,temperature,20160805,78.4
436,temperature,20150807,75.8
437,temperature,20160806,76.6
438,temperature,20150808,79.9
439,temperature,20160807,82.1
440,temperature,20150809,80.3
441,temperature,20160808,72.7
442,temperature,20150810,74.5
443,temperature,20160809,76.5
444,temperature,20150811,79.3
445,temperature,20160810,76.2
446,temperature,20150812,78.2
447,temperature,20160811,87.3
448,temperature,20150813,76.1
449,temperature,20160812,88.4
450,temperature,20150814,76.3
451,temperature,20160813,89.5
452,temperature,20150815,77.6
453,temperature,20160814,89.8
454,temperature,20150816,79.4
455,temperature,20160815,81.1
456,temperature,20150817,82.4
457,temperature,20160816,83.0
458,temperature,20150818,81.0
459,temperature,20160817,81.7
460,temperature,20150819,81.8
461,temperature,20160818,82.0
462,temperature,20150820,78.7
463,temperature,20160819,83.1
464,temperature,20150821,77.4
465,temperature,20160820,82.9
466,temperature,20150822,75.7
467,temperature,20160821,79.5
468,temperature,20150823,75.4
469,temperature,20160822,77.4
470,temperature,20150824,78.2
471,temperature,20160823,75.8
472,temperature,20150825,76.8
473,temperature,20160824,77.0
474,temperature,20150826,73.4
475,temperature,20160825,80.0
476,temperature,20150827,72.9
477,temperature,20160826,86.1
478,temperature,20150828,74.2
479,temperature,20160827,84.4
480,temperature,20150829,77.8
481,temperature,20160828,80.6
482,temperature,20150830,77.3
483,temperature,20160829,82.7
484,temperature,20150831,80.1
485,temperature,20160830,82.0
486,temperature,20150901,82.3
487,temperature,20160831,81.8
488,temperature,20150902,83.2
489,temperature,20160901,77.2
490,temperature,20150903,83.1
491,temperature,20150904,82.8
492,temperature,20150905,77.9
493,temperature,20150906,76.6
494,temperature,20150907,78.8
495,temperature,20150908,81.8
496,temperature,20150909,81.8
497,temperature,20150910,76.5
498,temperature,20150911,74.9
499,temperature,20150912,72.1
500,temperature,20150913,67.5
501,temperature,20150914,67.5
502,temperature,20150915,71.9
503,temperature,20150916,73.8
504,temperature,20150917,73.7
505,temperature,20150918,74.1
506,temperature,20150919,73.9
507,temperature,20150920,73.1
508,temperature,20150921,66.5
509,temperature,20150922,67.7
510,temperature,20150923,69.8
511,temperature,20150924,69.6
512,temperature,20150925,68.7
513,temperature,20150926,67.9
514,temperature,20150927,68.4
515,temperature,20150928,72.9
516,temperature,20150929,74.6
517,temperature,20150930,72.5
518,temperature,20151001,57.9
519,temperature,20151002,53.4
520,temperature,20151003,55.2
521,temperature,20151004,57.1
522,temperature,20151005,58.6
523,temperature,20151006,62.8
524,temperature,20151007,66.1
525,temperature,20151008,66.4
526,temperature,20151009,68.6
527,temperature,20151010,60.2
528,temperature,20151011,57.8
529,temperature,20151012,61.9
530,temperature,20151013,66.3
531,temperature,20151014,62.5
532,temperature,20151015,59.6
533,temperature,20151016,58.3
534,temperature,20151017,51.6
535,temperature,20151018,46.4
536,temperature,20151019,46.7
537,temperature,20151020,53.9
538,temperature,20151021,58.7
539,temperature,20151022,62.0
540,temperature,20151023,62.4
541,temperature,20151024,54.9
542,temperature,20151025,60.7
543,temperature,20151026,53.4
544,temperature,20151027,52.9
545,temperature,20151028,66.7
546,temperature,20151029,65.0
547,temperature,20151030,53.6
548,temperature,20151031,52.2
549,temperature,20141101,51.9
550,temperature,20151101,58.2
551,temperature,20141102,48.5
552,temperature,20151102,58.5
553,temperature,20141103,53.6
554,temperature,20151103,57.8
555,temperature,20141104,57.6
556,temperature,20151104,60.8
557,temperature,20141105,59.8
558,temperature,20151105,61.2
559,temperature,20141106,58.9
560,temperature,20151106,68.2
561,temperature,20141107,51.9
562,temperature,20151107,60.5
563,temperature,20141108,45.9
564,temperature,20151108,51.5
565,temperature,20141109,52.0
566,temperature,20151109,49.1
567,temperature,20141110,53.1
568,temperature,20151110,56.8
569,temperature,20141111,60.4
570,temperature,20151111,56.6
571,temperature,20141112,60.8
572,temperature,20151112,57.3
573,temperature,20141113,43.3
574,temperature,20151113,56.7
575,temperature,20141114,39.2
576,temperature,20151114,49.0
577,temperature,20141115,38.8
578,temperature,20151115,50.1
579,temperature,20141116,43.9
580,temperature,20151116,54.2
581,temperature,20141117,47.2
582,temperature,20151117,53.3
583,temperature,20141118,31.2
584,temperature,20151118,56.3
585,temperature,20141119,32.1
586,temperature,20151119,63.2
587,temperature,20141120,43.7
588,temperature,20151120,51.6
589,temperature,20141121,34.6
590,temperature,20151121,47.2
591,temperature,20141122,39.4
592,temperature,20151122,44.9
593,temperature,20141123,51.0
594,temperature,20151123,37.1
595,temperature,20141124,65.1
596,temperature,20151124,44.1
597,temperature,20141125,56.0
598,temperature,20151125,46.3
599,temperature,20141126,41.1
600,temperature,20151126,49.5
601,temperature,20141127,41.7
602,temperature,20151127,51.6
603,temperature,20141128,37.3
604,temperature,20151128,55.9
605,temperature,20141129,41.8
606,temperature,20151129,49.2
607,temperature,20141130,52.7
608,temperature,20151130,42.2
609,temperature,20141201,56.1
610,temperature,20151201,46.9
611,temperature,20141202,38.7
612,temperature,20151202,53.8
613,temperature,20141203,46.9
614,temperature,20151203,46.3
615,temperature,20141204,43.2
616,temperature,20151204,44.2
617,temperature,20141205,43.4
618,temperature,20151205,43.5
619,temperature,20141206,49.1
620,temperature,20151206,38.9
621,temperature,20141207,43.2
622,temperature,20151207,47.8
623,temperature,20141208,36.4
624,temperature,20151208,45.8
625,temperature,20141209,39.4
626,temperature,20151209,44.4
627,temperature,20141210,45.1
628,temperature,20151210,50.1
629,temperature,20141211,40.8
630,temperature,20151211,52.0
631,temperature,20141212,41.9
632,temperature,20151212,54.2
633,temperature,20141213,40.4
634,temperature,20151213,57.0
635,temperature,20141214,46.1
636,temperature,20151214,62.4
637,temperature,20141215,47.7
638,temperature,20151215,58.1
639,temperature,20141216,46.3
640,temperature,20151216,49.3
641,temperature,20141217,47.6
642,temperature,20151217,51.0
643,temperature,20141218,39.5
644,temperature,20151218,44.0
645,temperature,20141219,38.5
646,temperature,20151219,37.6
647,temperature,20141220,36.2
648,temperature,20151220,39.4
649,temperature,20141221,38.9
650,temperature,20151221,49.7
651,temperature,20141222,37.3
652,temperature,20151222,55.7
653,temperature,20141223,44.5
654,temperature,20151223,60.5
655,temperature,20141224,50.7
656,temperature,20151224,65.5
657,temperature,20141225,53.6
658,temperature,20151225,63.6
659,temperature,20141226,43.9
660,temperature,20151226,55.9
661,temperature,20141227,46.4
662,temperature,20151227,60.2
663,temperature,20141228,52.5
664,temperature,20151228,44.8
665,temperature,20141229,44.7
666,temperature,20151229,47.7
667,temperature,20141230,39.4
668,temperature,20151230,51.2
669,temperature,20141231,33.8
670,temperature,20151231,51.3
0,humidity,20150101,45
1,humidity,20160101,57
2,humidity,20150102,53
3,humidity,20160102,55
4,humidity,20150103,81
5,humidity,20160103,63
6,humidity,20150104,75
7,humidity,20160104,46
8,humidity,20150105,33
9,humidity,20160105,42
10,humidity,20150106,68
11,humidity,20160106,54
12,humidity,20150107,46
13,humidity,20160107,80
14,humidity,20150108,36
15,humidity,20160108,93
16,humidity,20150109,35
17,humidity,20160109,93
18,humidity,20150110,34
19,humidity,20160110,76
20,humidity,20150111,50
21,humidity,20160111,38
22,humidity,20150112,83
23,humidity,20160112,51
24,humidity,20150113,54
25,humidity,20160113,38
26,humidity,20150114,64
27,humidity,20160114,50
28,humidity,20150115,61
29,humidity,20160115,72
30,humidity,20150116,57
31,humidity,20160116,83
32,humidity,20150117,50
33,humidity,20160117,80
34,humidity,20150118,78
35,humidity,20160118,43
36,humidity,20150119,54
37,humidity,20160119,41
38,humidity,20150120,66
39,humidity,20160120,66
40,humidity,20150121,77
41,humidity,20160121,58
42,humidity,20150122,65
43,humidity,20160122,76
44,humidity,20150123,73
45,humidity,20160123,88
46,humidity,20150124,77
47,humidity,20160124,59
48,humidity,20150125,54
49,humidity,20160125,71
50,humidity,20150126,77
51,humidity,20160126,64
52,humidity,20150127,62
53,humidity,20160127,57
54,humidity,20150128,39
55,humidity,20160128,71
56,humidity,20150129,49
57,humidity,20160129,59
58,humidity,20150130,49
59,humidity,20160130,57
60,humidity,20150131,41
61,humidity,20160131,58
62,humidity,20150201,54
63,humidity,20160201,78
64,humidity,20150202,68
65,humidity,20160202,66
66,humidity,20150203,40
67,humidity,20160203,93
68,humidity,20150204,48
69,humidity,20160204,78
70,humidity,20150205,41
71,humidity,20160205,59
72,humidity,20150206,37
73,humidity,20160206,58
74,humidity,20150207,47
75,humidity,20160207,59
76,humidity,20150208,50
77,humidity,20160208,63
78,humidity,20150209,79
79,humidity,20160209,83
80,humidity,20150210,70
81,humidity,20160210,52
82,humidity,20150211,52
83,humidity,20160211,38
84,humidity,20150212,54
85,humidity,20160212,49
86,humidity,20150213,36
87,humidity,20160213,51
88,humidity,20150214,50
89,humidity,20160214,47
90,humidity,20150215,33
91,humidity,20160215,88
92,humidity,20150216,59
93,humidity,20160216,87
94,humidity,20150217,64
95,humidity,20160217,66
96,humidity,20150218,58
97,humidity,20160218,46
98,humidity,20150219,41
99,humidity,20160219,50
100,humidity,20150220,35
101,humidity,20160220,57
102,humidity,20150221,72
103,humidity,20160221,89
104,humidity,20150222,75
105,humidity,20160222,66
106,humidity,20150223,43
107,humidity,20160223,90
108,humidity,20150224,42
109,humidity,20160224,92
110,humidity,20150225,51
111,humidity,20160225,50
112,humidity,20150226,69
113,humidity,20160226,45
114,humidity,20150227,50
115,humidity,20160227,49
116,humidity,20150228,40
117,humidity,20160228,52
118,humidity,20150301,76
119,humidity,20160229,42
120,humidity,20150302,69
121,humidity,20160301,58
122,humidity,20150303,59
123,humidity,20160302,49
124,humidity,20150304,85
125,humidity,20160303,60
126,humidity,20150305,78
127,humidity,20160304,81
128,humidity,20150306,49
129,humidity,20160305,56
130,humidity,20150307,56
131,humidity,20160306,66
132,humidity,20150308,48
133,humidity,20160307,63
134,humidity,20150309,67
135,humidity,20160308,50
136,humidity,20150310,82
137,humidity,20160309,53
138,humidity,20150311,74
139,humidity,20160310,61
140,humidity,20150312,35
141,humidity,20160311,53
142,humidity,20150313,43
143,humidity,20160312,64
144,humidity,20150314,87
145,humidity,20160313,79
146,humidity,20150315,52
147,humidity,20160314,86
148,humidity,20150316,55
149,humidity,20160315,81
150,humidity,20150317,49
151,humidity,20160316,76
152,humidity,20150318,27
153,humidity,20160317,53
154,humidity,20150319,39
155,humidity,20160318,30
156,humidity,20150320,80
157,humidity,20160319,74
158,humidity,20150321,69
159,humidity,20160320,70
160,humidity,20150322,40
161,humidity,20160321,48
162,humidity,20150323,34
163,humidity,20160322,48
164,humidity,20150324,40
165,humidity,20160323,40
166,humidity,20150325,57
167,humidity,20160324,48
168,humidity,20150326,71
169,humidity,20160325,61
170,humidity,20150327,62
171,humidity,20160326,53
172,humidity,20150328,40
173,humidity,20160327,81
174,humidity,20150329,31
175,humidity,20160328,77
176,humidity,20150330,37
177,humidity,20160329,39
178,humidity,20150331,43
179,humidity,20160330,43
180,humidity,20150401,45
181,humidity,20160331,60
182,humidity,20150402,43
183,humidity,20160401,70
184,humidity,20150403,67
185,humidity,20160402,59
186,humidity,20150404,42
187,humidity,20160403,39
188,humidity,20150405,30
189,humidity,20160404,53
190,humidity,20150406,43
191,humidity,20160405,43
192,humidity,20150407,71
193,humidity,20160406,48
194,humidity,20150408,84
195,humidity,20160407,77
196,humidity,20150409,83
197,humidity,20160408,44
198,humidity,20150410,84
199,humidity,20160409,69
200,humidity,20150411,37
201,humidity,20160410,44
202,humidity,20150412,40
203,humidity,20160411,51
204,humidity,20150413,50
205,humidity,20160412,54
206,humidity,20150414,79
207,humidity,20160413,40
208,humidity,20150415,46
209,humidity,20160414,52
210,humidity,20150416,47
211,humidity,20160415,52
212,humidity,20150417,73
213,humidity,20160416,47
214,humidity,20150418,53
215,humidity,20160417,45
216,humidity,20150419,57
217,humidity,20160418,46
218,humidity,20150420,77
219,humidity,20160419,44
220,humidity,20150421,44
221,humidity,20160420,29
222,humidity,20150422,47
223,humidity,20160421,55
224,humidity,20150423,36
225,humidity,20160422,74
226,humidity,20150424,32
227,humidity,20160423,77
228,humidity,20150425,58
229,humidity,20160424,35
230,humidity,20150426,54
231,humidity,20160425,61
232,humidity,20150427,47
233,humidity,20160426,52
234,humidity,20150428,46
235,humidity,20160427,83
236,humidity,20150429,46
237,humidity,20160428,90
238,humidity,20150430,58
239,humidity,20160429,89
240,humidity,20150501,69
241,humidity,20160430,83
242,humidity,20150502,54
243,humidity,20160501,91
244,humidity,20150503,50
245,humidity,20160502,91
246,humidity,20150504,54
247,humidity,20160503,85
248,humidity,20150505,65
249,humidity,20160504,88
250,humidity,20150506,68
251,humidity,20160505,84
252,humidity,20150507,62
253,humidity,20160506,87
254,humidity,20150508,64
255,humidity,20160507,81
256,humidity,20150509,75
257,humidity,20160508,54
258,humidity,20150510,75
259,humidity,20160509,73
260,humidity,20150511,76
261,humidity,20160510,72
262,humidity,20150512,55
263,humidity,20160511,90
264,humidity,20150513,43
265,humidity,20160512,88
266,humidity,20150514,45
267,humidity,20160513,82
268,humidity,20150515,57
269,humidity,20160514,67
270,humidity,20150516,73
271,humidity,20160515,42
272,humidity,20150517,73
273,humidity,20160516,44
274,humidity,20150518,73
275,humidity,20160517,82
276,humidity,20150519,66
277,humidity,20160518,74
278,humidity,20150520,45
279,humidity,20160519,64
280,humidity,20150521,75
281,humidity,20160520,58
282,humidity,20150522,48
283,humidity,20160521,86
284,humidity,20150523,34
285,humidity,20160522,92
286,humidity,20150524,58
287,humidity,20160523,78
288,humidity,20150525,58
289,humidity,20160524,57
290,humidity,20150526,64
291,humidity,20160525,60
292,humidity,20150527,70
293,humidity,20160526,69
294,humidity,20150528,65
295,humidity,20160527,70
296,humidity,20150529,69
297,humidity,20160528,67
298,humidity,20150530,69
299,humidity,20160529,85
300,humidity,20150531,64
301,humidity,20160530,83
302,humidity,20150601,72
303,humidity,20160531,75
304,humidity,20150602,85
305,humidity,20160601,71
306,humidity,20150603,81
307,humidity,20160602,78
308,humidity,20150604,83
309,humidity,20160603,87
310,humidity,20150605,77
311,humidity,20160604,85
312,humidity,20150606,69
313,humidity,20160605,82
314,humidity,20150607,66
315,humidity,20160606,64
316,humidity,20150608,75
317,humidity,20160607,59
318,humidity,20150609,58
319,humidity,20160608,44
320,humidity,20150610,58
321,humidity,20160609,43
322,humidity,20150611,67
323,humidity,20160610,40
324,humidity,20150612,69
325,humidity,20160611,60
326,humidity,20150613,64
327,humidity,20160612,43
328,humidity,20150614,71
329,humidity,20160613,44
330,humidity,20150615,71
331,humidity,20160614,44
332,humidity,20150616,63
333,humidity,20160615,70
334,humidity,20150617,66
335,humidity,20160616,80
336,humidity,20150618,77
337,humidity,20160617,71
338,humidity,20150619,68
339,humidity,20160618,52
340,humidity,20150620,76
341,humidity,20160619,46
342,humidity,20150621,69
343,humidity,20160620,50
344,humidity,20150622,54
345,humidity,20160621,77
346,humidity,20150623,71
347,humidity,20160622,62
348,humidity,20150624,57
349,humidity,20160623,80
350,humidity,20150625,64
351,humidity,20160624,74
352,humidity,20150626,69
353,humidity,20160625,63
354,humidity,20150627,84
355,humidity,20160626,55
356,humidity,20150628,66
357,humidity,20160627,75
358,humidity,20150629,55
359,humidity,20160628,86
360,humidity,20150630,72
361,humidity,20160629,66
362,humidity,20150701,76
363,humidity,20160630,56
364,humidity,20150702,76
365,humidity,20160701,76
366,humidity,20150703,76
367,humidity,20160702,54
368,humidity,20150704,82
369,humidity,20160703,75
370,humidity,20150705,76
371,humidity,20160704,91
372,humidity,20150706,77
373,humidity,20160705,80
374,humidity,20150707,74
375,humidity,20160706,61
376,humidity,20150708,78
377,humidity,20160707,66
378,humidity,20150709,67
379,humidity,20160708,70
380,humidity,20150710,56
381,humidity,20160709,63
382,humidity,20150711,69
383,humidity,20160710,50
384,humidity,20150712,59
385,humidity,20160711,52
386,humidity,20150713,74
387,humidity,20160712,66
388,humidity,20150714,75
389,humidity,20160713,78
390,humidity,20150715,64
391,humidity,20160714,65
392,humidity,20150716,53
393,humidity,20160715,56
394,humidity,20150717,72
395,humidity,20160716,66
396,humidity,20150718,75
397,humidity,20160717,66
398,humidity,20150719,69
399,humidity,20160718,74
400,humidity,20150720,60
401,humidity,20160719,70
402,humidity,20150721,60
403,humidity,20160720,69
404,humidity,20150722,47
405,humidity,20160721,63
406,humidity,20150723,46
407,humidity,20160722,64
408,humidity,20150724,48
409,humidity,20160723,55
410,humidity,20150725,55
411,humidity,20160724,55
412,humidity,20150726,58
413,humidity,20160725,65
414,humidity,20150727,71
415,humidity,20160726,59
416,humidity,20150728,71
417,humidity,20160727,57
418,humidity,20150729,71
419,humidity,20160728,75
420,humidity,20150730,76
421,humidity,20160729,80
422,humidity,20150731,48
423,humidity,20160730,79
424,humidity,20150801,51
425,humidity,20160731,78
426,humidity,20150802,49
427,humidity,20160801,70
428,humidity,20150803,58
429,humidity,20160802,73
430,humidity,20150804,55
431,humidity,20160803,68
432,humidity,20150805,53
433,humidity,20160804,63
434,humidity,20150806,53
435,humidity,20160805,74
436,humidity,20150807,68
437,humidity,20160806,89
438,humidity,20150808,54
439,humidity,20160807,47
440,humidity,20150809,59
441,humidity,20160808,76
442,humidity,20150810,79
443,humidity,20160809,79
444,humidity,20150811,75
445,humidity,20160810,89
446,humidity,20150812,53
447,humidity,20160811,65
448,humidity,20150813,49
449,humidity,20160812,65
450,humidity,20150814,56
451,humidity,20160813,66
452,humidity,20150815,62
453,humidity,20160814,58
454,humidity,20150816,63
455,humidity,20160815,74
456,humidity,20150817,64
457,humidity,20160816,76
458,humidity,20150818,72
459,humidity,20160817,72
460,humidity,20150819,71
461,humidity,20160818,71
462,humidity,20150820,84
463,humidity,20160819,57
464,humidity,20150821,60
465,humidity,20160820,61
466,humidity,20150822,52
467,humidity,20160821,82
468,humidity,20150823,56
469,humidity,20160822,56
470,humidity,20150824,73
471,humidity,20160823,58
472,humidity,20150825,58
473,humidity,20160824,64
474,humidity,20150826,52
475,humidity,20160825,73
476,humidity,20150827,56
477,humidity,20160826,66
478,humidity,20150828,61
479,humidity,20160827,60
480,humidity,20150829,62
481,humidity,20160828,67
482,humidity,20150830,68
483,humidity,20160829,63
484,humidity,20150831,65
485,humidity,20160830,54
486,humidity,20150901,68
487,humidity,20160831,67
488,humidity,20150902,65
489,humidity,20160901,78
490,humidity,20150903,63
491,humidity,20150904,65
492,humidity,20150905,70
493,humidity,20150906,57
494,humidity,20150907,66
495,humidity,20150908,68
496,humidity,20150909,74
497,humidity,20150910,80
498,humidity,20150911,60
499,humidity,20150912,86
500,humidity,20150913,54
501,humidity,20150914,49
502,humidity,20150915,53
503,humidity,20150916,58
504,humidity,20150917,63
505,humidity,20150918,65
506,humidity,20150919,79
507,humidity,20150920,59
508,humidity,20150921,67
509,humidity,20150922,71
510,humidity,20150923,59
511,humidity,20150924,59
512,humidity,20150925,70
513,humidity,20150926,63
514,humidity,20150927,73
515,humidity,20150928,79
516,humidity,20150929,91
517,humidity,20150930,86
518,humidity,20151001,93
519,humidity,20151002,91
520,humidity,20151003,94
521,humidity,20151004,83
522,humidity,20151005,70
523,humidity,20151006,68
524,humidity,20151007,76
525,humidity,20151008,74
526,humidity,20151009,83
527,humidity,20151010,60
528,humidity,20151011,71
529,humidity,20151012,74
530,humidity,20151013,75
531,humidity,20151014,57
532,humidity,20151015,59
533,humidity,20151016,54
534,humidity,20151017,51
535,humidity,20151018,49
536,humidity,20151019,60
537,humidity,20151020,66
538,humidity,20151021,70
539,humidity,20151022,70
540,humidity,20151023,58
541,humidity,20151024,70
542,humidity,20151025,71
543,humidity,20151026,56
544,humidity,20151027,77
545,humidity,20151028,91
546,humidity,20151029,75
547,humidity,20151030,54
548,humidity,20151031,65
549,humidity,20141101,57
550,humidity,20151101,84
551,humidity,20141102,39
552,humidity,20151102,80
553,humidity,20141103,32
554,humidity,20151103,73
555,humidity,20141104,48
556,humidity,20151104,70
557,humidity,20141105,57
558,humidity,20151105,95
559,humidity,20141106,75
560,humidity,20151106,84
561,humidity,20141107,47
562,humidity,20151107,73
563,humidity,20141108,50
564,humidity,20151108,50
565,humidity,20141109,57
566,humidity,20151109,78
567,humidity,20141110,63
568,humidity,20151110,93
569,humidity,20141111,74
570,humidity,20151111,65
571,humidity,20141112,70
572,humidity,20151112,73
573,humidity,20141113,58
574,humidity,20151113,34
575,humidity,20141114,45
576,humidity,20151114,40
577,humidity,20141115,44
578,humidity,20151115,52
579,humidity,20141116,50
580,humidity,20151116,56
581,humidity,20141117,78
582,humidity,20151117,69
583,humidity,20141118,33
584,humidity,20151118,77
585,humidity,20141119,37
586,humidity,20151119,94
587,humidity,20141120,36
588,humidity,20151120,38
589,humidity,20141121,34
590,humidity,20151121,61
591,humidity,20141122,45
592,humidity,20151122,52
593,humidity,20141123,58
594,humidity,20151123,47
595,humidity,20141124,71
596,humidity,20151124,53
597,humidity,20141125,51
598,humidity,20151125,66
599,humidity,20141126,79
600,humidity,20151126,76
601,humidity,20141127,64
602,humidity,20151127,82
603,humidity,20141128,49
604,humidity,20151128,82
605,humidity,20141129,50
606,humidity,20151129,89
607,humidity,20141130,55
608,humidity,20151130,86
609,humidity,20141201,64
610,humidity,20151201,95
611,humidity,20141202,82
612,humidity,20151202,96
613,humidity,20141203,75
614,humidity,20151203,53
615,humidity,20141204,52
616,humidity,20151204,62
617,humidity,20141205,69
618,humidity,20151205,71
619,humidity,20141206,81
620,humidity,20151206,87
621,humidity,20141207,49
622,humidity,20151207,62
623,humidity,20141208,58
624,humidity,20151208,67
625,humidity,20141209,79
626,humidity,20151209,90
627,humidity,20141210,53
628,humidity,20151210,78
629,humidity,20141211,39
630,humidity,20151211,82
631,humidity,20141212,43
632,humidity,20151212,85
633,humidity,20141213,58
634,humidity,20151213,87
635,humidity,20141214,61
636,humidity,20151214,91
637,humidity,20141215,69
638,humidity,20151215,59
639,humidity,20141216,82
640,humidity,20151216,70
641,humidity,20141217,60
642,humidity,20151217,94
643,humidity,20141218,47
644,humidity,20151218,60
645,humidity,20141219,52
646,humidity,20151219,43
647,humidity,20141220,53
648,humidity,20151220,49
649,humidity,20141221,56
650,humidity,20151221,64
651,humidity,20141222,78
652,humidity,20151222,91
653,humidity,20141223,86
654,humidity,20151223,98
655,humidity,20141224,88
656,humidity,20151224,92
657,humidity,20141225,60
658,humidity,20151225,97
659,humidity,20141226,63
660,humidity,20151226,90
661,humidity,20141227,63
662,humidity,20151227,89
663,humidity,20141228,65
664,humidity,20151228,75
665,humidity,20141229,55
666,humidity,20151229,94
667,humidity,20141230,45
668,humidity,20151230,95
669,humidity,20141231,43
670,humidity,20151231,78
0,precipitation,20141101,T
1,precipitation,20141102,T
2,precipitation,20141103,0.00
3,precipitation,20141104,0.00
4,precipitation,20141105,0.01
5,precipitation,20141106,0.51
6,precipitation,20141107,T
7,precipitation,20141108,0.00
8,precipitation,20141109,0.00
9,precipitation,20141110,0.00
10,precipitation,20141111,0.00
11,precipitation,20141112,0.00
12,precipitation,20141113,0.03
13,precipitation,20141114,0.00
14,precipitation,20141115,0.00
15,precipitation,20141116,0.01
16,precipitation,20141117,0.71
17,precipitation,20141118,0.00
18,precipitation,20141119,0.00
19,precipitation,20141120,0.00
20,precipitation,20141121,0.00
21,precipitation,20141122,0.00
22,precipitation,20141123,0.13
23,precipitation,20141124,0.19
24,precipitation,20141125,0.00
25,precipitation,20141126,1.06
26,precipitation,20141127,T
27,precipitation,20141128,0.00
28,precipitation,20141129,0.00
29,precipitation,20141130,0.00
30,precipitation,20141201,0.24
31,precipitation,20141202,0.57
32,precipitation,20141203,0.05
33,precipitation,20141204,T
34,precipitation,20141205,0.01
35,precipitation,20141206,0.48
36,precipitation,20141207,T
37,precipitation,20141208,T
38,precipitation,20141209,0.33
39,precipitation,20141210,0.00
40,precipitation,20141211,T
41,precipitation,20141212,0.00
42,precipitation,20141213,0.00
43,precipitation,20141214,0.00
44,precipitation,20141215,0.00
45,precipitation,20141216,0.40
46,precipitation,20141217,0.00
47,precipitation,20141218,0.00
48,precipitation,20141219,0.00
49,precipitation,20141220,0.00
50,precipitation,20141221,0.00
51,precipitation,20141222,0.24
52,precipitation,20141223,0.05
53,precipitation,20141224,0.90
54,precipitation,20141225,0.12
55,precipitation,20141226,0.00
56,precipitation,20141227,0.00
57,precipitation,20141228,0.08
58,precipitation,20141229,0.05
59,precipitation,20141230,0.00
60,precipitation,20141231,0.00
61,precipitation,20150101,0.00
62,precipitation,20150102,0.00
63,precipitation,20150103,0.50
64,precipitation,20150104,0.20
65,precipitation,20150105,0.00
66,precipitation,20150106,0.20
67,precipitation,20150107,T
68,precipitation,20150108,0.00
69,precipitation,20150109,0.00
70,precipitation,20150110,0.00
71,precipitation,20150111,T
72,precipitation,20150112,0.75
73,precipitation,20150113,T
74,precipitation,20150114,T
75,precipitation,20150115,0.00
76,precipitation,20150116,0.00
77,precipitation,20150117,0.00
78,precipitation,20150118,0.60
79,precipitation,20150119,0.00
80,precipitation,20150120,0.00
81,precipitation,20150121,0.08
82,precipitation,20150122,T
83,precipitation,20150123,0.65
84,precipitation,20150124,0.51
85,precipitation,20150125,0.00
86,precipitation,20150126,0.21
87,precipitation,20150127,0.01
88,precipitation,20150128,0.00
89,precipitation,20150129,0.05
90,precipitation,20150130,T
91,precipitation,20150131,0.00
92,precipitation,20150201,0.04
93,precipitation,20150202,0.09
94,precipitation,20150203,0.00
95,precipitation,20150204,0.00
96,precipitation,20150205,0.00
97,precipitation,20150206,0.00
98,precipitation,20150207,0.00
99,precipitation,20150208,0.00
100,precipitation,20150209,0.07
101,precipitation,20150210,0.02
102,precipitation,20150211,0.00
103,precipitation,20150212,T
104,precipitation,20150213,0.00
105,precipitation,20150214,T
106,precipitation,20150215,0.00
107,precipitation,20150216,0.29
108,precipitation,20150217,0.23
109,precipitation,20150218,T
110,precipitation,20150219,T
111,precipitation,20150220,0.00
112,precipitation,20150221,0.70
113,precipitation,20150222,0.10
114,precipitation,20150223,0.00
115,precipitation,20150224,0.00
116,precipitation,20150225,0.00
117,precipitation,20150226,0.14
118,precipitation,20150227,0.00
119,precipitation,20150228,0.00
120,precipitation,20150301,0.51
121,precipitation,20150302,0.00
122,precipitation,20150303,0.04
123,precipitation,20150304,0.34
124,precipitation,20150305,0.87
125,precipitation,20150306,0.00
126,precipitation,20150307,0.00
127,precipitation,20150308,0.00
128,precipitation,20150310,0.44
129,precipitation,20150311,T
130,precipitation,20150312,0.00
131,precipitation,20150313,0.01
132,precipitation,20150314,0.60
133,precipitation,20150315,0.00
134,precipitation,20150316,0.00
135,precipitation,20150317,0.00
136,precipitation,20150318,0.00
137,precipitation,20150319,0.00
138,precipitation,20150320,0.49
139,precipitation,20150321,0.00
140,precipitation,20150322,0.00
141,precipitation,20150323,0.00
142,precipitation,20150324,0.00
143,precipitation,20150325,T
144,precipitation,20150326,0.35
145,precipitation,20150327,0.43
146,precipitation,20150328,0.00
147,precipitation,20150329,0.00
148,precipitation,20150330,0.02
149,precipitation,20150331,0.01
150,precipitation,20150401,0.00
151,precipitation,20150402,0.00
152,precipitation,20150403,0.19
153,precipitation,20150404,0.05
154,precipitation,20150405,0.00
155,precipitation,20150406,0.00
156,precipitation,20150407,0.17
157,precipitation,20150408,0.28
158,precipitation,20150409,0.04
159,precipitation,20150410,0.01
160,precipitation,20150411,0.00
161,precipitation,20150412,0.00
162,precipitation,20150413,0.00
163,precipitation,20150414,0.64
164,precipitation,20150415,T
165,precipitation,20150416,0.04
166,precipitation,20150417,0.06
167,precipitation,20150418,0.00
168,precipitation,20150419,0.37
169,precipitation,20150420,0.81
170,precipitation,20150421,0.16
171,precipitation,20150422,T
172,precipitation,20150423,0.00
173,precipitation,20150424,0.00
174,precipitation,20150425,0.27
175,precipitation,20150426,0.01
176,precipitation,20150427,T
177,precipitation,20150428,0.00
178,precipitation,20150429,0.00
179,precipitation,20150430,0.54
180,precipitation,20150501,0.11
181,precipitation,20150502,0.00
182,precipitation,20150503,0.00
183,precipitation,20150504,0.00
184,precipitation,20150505,0.05
185,precipitation,20150506,T
186,precipitation,20150507,0.00
187,precipitation,20150508,0.00
188,precipitation,20150509,T
189,precipitation,20150510,0.00
190,precipitation,20150511,0.00
191,precipitation,20150512,0.00
192,precipitation,20150513,0.00
193,precipitation,20150514,0.00
194,precipitation,20150515,0.00
195,precipitation,20150516,0.66
196,precipitation,20150517,T
197,precipitation,20150518,0.76
198,precipitation,20150519,0.02
199,precipitation,20150520,0.00
200,precipitation,20150521,0.33
201,precipitation,20150522,0.00
202,precipitation,20150523,0.00
203,precipitation,20150524,0.00
204,precipitation,20150525,0.00
205,precipitation,20150526,0.00
206,precipitation,20150527,0.01
207,precipitation,20150528,T
208,precipitation,20150529,0.00
209,precipitation,20150530,0.00
210,precipitation,20150531,0.00
211,precipitation,20150601,2.49
212,precipitation,20150602,0.49
213,precipitation,20150603,0.03
214,precipitation,20150604,0.37
215,precipitation,20150605,0.03
216,precipitation,20150606,0.00
217,precipitation,20150607,0.00
218,precipitation,20150608,0.65
219,precipitation,20150609,0.00
220,precipitation,20150610,0.00
221,precipitation,20150611,0.00
222,precipitation,20150612,0.02
223,precipitation,20150613,0.00
224,precipitation,20150614,0.52
225,precipitation,20150615,0.08
226,precipitation,20150616,0.00
227,precipitation,20150617,0.18
228,precipitation,20150618,0.58
229,precipitation,20150619,0.12
230,precipitation,20150620,2.33
231,precipitation,20150621,0.03
232,precipitation,20150622,0.00
233,precipitation,20150623,0.84
234,precipitation,20150624,0.00
235,precipitation,20150625,0.48
236,precipitation,20150626,0.00
237,precipitation,20150627,2.75
238,precipitation,20150628,T
239,precipitation,20150629,0.00
240,precipitation,20150630,0.01
241,precipitation,20150701,1.30
242,precipitation,20150702,0.02
243,precipitation,20150703,0.03
244,precipitation,20150704,0.85
245,precipitation,20150705,T
246,precipitation,20150706,0.02
247,precipitation,20150707,0.00
248,precipitation,20150708,1.12
249,precipitation,20150709,0.03
250,precipitation,20150710,T
251,precipitation,20150711,0.09
252,precipitation,20150712,0.00
253,precipitation,20150713,0.03
254,precipitation,20150714,T
255,precipitation,20150715,0.01
256,precipitation,20150716,0.00
257,precipitation,20150717,0.00
258,precipitation,20150718,0.04
259,precipitation,20150719,0.00
260,precipitation,20150720,0.00
261,precipitation,20150721,T
262,precipitation,20150722,0.00
263,precipitation,20150723,0.00
264,precipitation,20150724,0.00
265,precipitation,20150725,0.00
266,precipitation,20150726,0.00
267,precipitation,20150727,0.94
268,precipitation,20150728,0.00
269,precipitation,20150729,0.00
270,precipitation,20150730,0.53
271,precipitation,20150731,0.00
272,precipitation,20150801,T
273,precipitation,20150802,0.00
274,precipitation,20150803,0.00
275,precipitation,20150804,0.04
276,precipitation,20150805,0.00
277,precipitation,20150806,T
278,precipitation,20150807,0.05
279,precipitation,20150808,0.00
280,precipitation,20150809,0.00
281,precipitation,20150810,0.15
282,precipitation,20150811,0.35
283,precipitation,20150812,0.00
284,precipitation,20150813,0.00
285,precipitation,20150814,0.00
286,precipitation,20150815,0.00
287,precipitation,20150816,0.00
288,precipitation,20150817,0.00
289,precipitation,20150818,0.00
290,precipitation,20150819,0.00
291,precipitation,20150820,0.17
292,precipitation,20150821,0.00
293,precipitation,20150822,0.00
294,precipitation,20150823,0.00
295,precipitation,20150824,0.41
296,precipitation,20150825,0.00
297,precipitation,20150826,0.00
298,precipitation,20150827,0.00
299,precipitation,20150828,0.00
300,precipitation,20150829,0.00
301,precipitation,20150830,0.00
302,precipitation,20150831,0.00
303,precipitation,20150901,0.00
304,precipitation,20150902,0.00
305,precipitation,20150903,T
306,precipitation,20150904,0.00
307,precipitation,20150905,0.00
308,precipitation,20150906,0.00
309,precipitation,20150907,0.00
310,precipitation,20150908,0.00
311,precipitation,20150909,T
312,precipitation,20150910,0.11
313,precipitation,20150911,0.00
314,precipitation,20150912,0.16
315,precipitation,20150913,T
316,precipitation,20150914,0.00
317,precipitation,20150915,0.00
318,precipitation,20150916,0.00
319,precipitation,20150917,0.00
320,precipitation,20150918,0.00
321,precipitation,20150919,0.00
322,precipitation,20150920,0.00
323,precipitation,20150921,0.23
324,precipitation,20150922,0.00
325,precipitation,20150923,0.00
326,precipitation,20150924,0.00
327,precipitation,20150925,T
328,precipitation,20150926,T
329,precipitation,20150927,T
330,precipitation,20150928,0.00
331,precipitation,20150929,1.65
332,precipitation,20150930,T
333,precipitation,20151001,0.78
334,precipitation,20151002,0.96
335,precipitation,20151003,0.19
336,precipitation,20151004,T
337,precipitation,20151005,0.00
338,precipitation,20151006,0.00
339,precipitation,20151007,0.00
340,precipitation,20151008,0.00
341,precipitation,20151009,0.40
342,precipitation,20151010,0.00
343,precipitation,20151011,0.00
344,precipitation,20151012,0.00
345,precipitation,20151013,T
346,precipitation,20151014,0.00
347,precipitation,20151015,0.00
348,precipitation,20151016,0.00
349,precipitation,20151017,0.00
350,precipitation,20151018,T
351,precipitation,20151019,0.00
352,precipitation,20151020,0.00
353,precipitation,20151021,0.00
354,precipitation,20151022,0.00
355,precipitation,20151023,0.00
356,precipitation,20151024,0.00
357,precipitation,20151025,0.03
358,precipitation,20151026,0.00
359,precipitation,20151027,T
360,precipitation,20151028,0.65
361,precipitation,20151029,0.32
362,precipitation,20151030,0.00
363,precipitation,20151031,0.00
364,precipitation,20151101,0.04
365,precipitation,20151102,0.00
366,precipitation,20151103,0.00
367,precipitation,20151104,0.02
368,precipitation,20151105,0.15
369,precipitation,20151106,T
370,precipitation,20151107,0.11
371,precipitation,20151108,0.00
372,precipitation,20151109,0.53
373,precipitation,20151110,0.25
374,precipitation,20151111,0.00
375,precipitation,20151112,0.01
376,precipitation,20151113,0.00
377,precipitation,20151114,0.00
378,precipitation,20151115,0.00
379,precipitation,20151116,0.00
380,precipitation,20151117,0.00
381,precipitation,20151118,0.00
382,precipitation,20151119,0.63
383,precipitation,20151120,0.00
384,precipitation,20151121,0.00
385,precipitation,20151122,0.00
386,precipitation,20151123,0.00
387,precipitation,20151124,0.00
388,precipitation,20151125,0.00
389,precipitation,20151126,0.00
390,precipitation,20151127,0.00
391,precipitation,20151128,T
392,precipitation,20151129,0.17
393,precipitation,20151130,0.20
394,precipitation,20151201,0.85
395,precipitation,20151202,0.22
396,precipitation,20151203,0.00
397,precipitation,20151204,0.00
398,precipitation,20151205,0.00
399,precipitation,20151206,0.00
400,precipitation,20151207,0.00
401,precipitation,20151208,0.00
402,precipitation,20151209,T
403,precipitation,20151210,T
404,precipitation,20151211,0.00
405,precipitation,20151212,0.00
406,precipitation,20151213,0.00
407,precipitation,20151214,0.13
408,precipitation,20151215,T
409,precipitation,20151216,0.00
410,precipitation,20151217,0.42
411,precipitation,20151218,0.00
412,precipitation,20151219,0.00
413,precipitation,20151220,0.00
414,precipitation,20151221,0.00
415,precipitation,20151222,0.14
416,precipitation,20151223,1.67
417,precipitation,20151224,0.20
418,precipitation,20151225,0.30
419,precipitation,20151226,0.01
420,precipitation,20151227,0.02
421,precipitation,20151228,0.23
422,precipitation,20151229,0.51
423,precipitation,20151230,0.15
424,precipitation,20151231,0.00
425,precipitation,20160101,0.00
426,precipitation,20160102,0.00
427,precipitation,20160103,0.00
428,precipitation,20160104,0.00
429,precipitation,20160105,0.00
430,precipitation,20160106,0.00
431,precipitation,20160107,0.00
432,precipitation,20160108,T
433,precipitation,20160109,0.23
434,precipitation,20160110,0.56
435,precipitation,20160111,0.00
436,precipitation,20160112,T
437,precipitation,20160113,0.00
438,precipitation,20160114,0.00
439,precipitation,20160115,0.32
440,precipitation,20160116,0.02
441,precipitation,20160117,0.05
442,precipitation,20160118,T
443,precipitation,20160119,0.00
444,precipitation,20160120,0.03
445,precipitation,20160121,T
446,precipitation,20160122,0.50
447,precipitation,20160123,0.98
448,precipitation,20160124,T
449,precipitation,20160125,0.00
450,precipitation,20160126,T
451,precipitation,20160127,T
452,precipitation,20160128,0.00
453,precipitation,20160129,T
454,precipitation,20160130,0.00
455,precipitation,20160131,0.00
456,precipitation,20160201,0.12
457,precipitation,20160202,0.00
458,precipitation,20160203,0.50
459,precipitation,20160204,0.02
460,precipitation,20160205,0.04
461,precipitation,20160206,0.00
462,precipitation,20160207,0.00
463,precipitation,20160208,0.01
464,precipitation,20160209,0.22
465,precipitation,20160210,T
466,precipitation,20160211,0.00
467,precipitation,20160212,T
468,precipitation,20160213,T
469,precipitation,20160214,0.01
470,precipitation,20160215,0.47
471,precipitation,20160216,0.70
472,precipitation,20160217,0.00
473,precipitation,20160218,0.00
474,precipitation,20160219,0.00
475,precipitation,20160220,0.00
476,precipitation,20160221,0.09
477,precipitation,20160222,T
478,precipitation,20160223,0.52
479,precipitation,20160224,1.10
480,precipitation,20160225,T
481,precipitation,20160226,0.00
482,precipitation,20160227,0.00
483,precipitation,20160228,0.00
484,precipitation,20160229,0.00
485,precipitation,20160301,T
486,precipitation,20160302,0.10
487,precipitation,20160303,0.02
488,precipitation,20160304,0.05
489,precipitation,20160305,0.00
490,precipitation,20160306,T
491,precipitation,20160307,0.00
492,precipitation,20160308,0.00
493,precipitation,20160309,0.00
494,precipitation,20160310,0.00
495,precipitation,20160311,T
496,precipitation,20160312,T
497,precipitation,20160313,0.26
498,precipitation,20160315,0.03
499,precipitation,20160316,0.01
500,precipitation,20160317,T
501,precipitation,20160318,0.00
502,precipitation,20160319,0.13
503,precipitation,20160320,T
504,precipitation,20160321,0.00
505,precipitation,20160322,0.00
506,precipitation,20160323,0.00
507,precipitation,20160324,0.00
508,precipitation,20160325,0.03
509,precipitation,20160326,0.00
510,precipitation,20160327,0.02
511,precipitation,20160328,0.34
512,precipitation,20160329,0.00
513,precipitation,20160330,0.00
514,precipitation,20160331,T
515,precipitation,20160401,0.05
516,precipitation,20160402,0.10
517,precipitation,20160403,T
518,precipitation,20160404,0.07
519,precipitation,20160405,T
520,precipitation,20160406,0.00
521,precipitation,20160407,0.70
522,precipitation,20160408,0.00
523,precipitation,20160409,0.17
524,precipitation,20160410,0.00
525,precipitation,20160411,0.01
526,precipitation,20160412,0.05
527,precipitation,20160413,0.00
528,precipitation,20160414,0.00
529,precipitation,20160415,0.00
530,precipitation,20160416,0.00
531,precipitation,20160417,0.00
532,precipitation,20160418,0.00
533,precipitation,20160419,0.00
534,precipitation,20160420,0.00
535,precipitation,20160421,0.00
536,precipitation,20160422,T
537,precipitation,20160423,0.26
538,precipitation,20160424,0.00
539,precipitation,20160425,0.00
540,precipitation,20160426,0.00
541,precipitation,20160427,0.03
542,precipitation,20160428,0.58
543,precipitation,20160429,0.01
544,precipitation,20160430,0.02
545,precipitation,20160501,0.48
546,precipitation,20160502,1.24
547,precipitation,20160503,0.17
548,precipitation,20160504,0.08
549,precipitation,20160505,0.02
550,precipitation,20160506,0.79
551,precipitation,20160507,0.14
552,precipitation,20160508,0.04
553,precipitation,20160509,0.06
554,precipitation,20160510,0.01
555,precipitation,20160511,0.41
556,precipitation,20160512,0.00
557,precipitation,20160513,0.08
558,precipitation,20160514,0.13
559,precipitation,20160515,0.00
560,precipitation,20160516,0.00
561,precipitation,20160517,0.41
562,precipitation,20160518,T
563,precipitation,20160519,0.01
564,precipitation,20160520,0.00
565,precipitation,20160521,0.65
566,precipitation,20160522,0.39
567,precipitation,20160523,0.18
568,precipitation,20160524,T
569,precipitation,20160525,0.00
570,precipitation,20160526,0.00
571,precipitation,20160527,0.00
572,precipitation,20160528,0.00
573,precipitation,20160529,0.43
574,precipitation,20160530,T
575,precipitation,20160531,0.00
576,precipitation,20160601,0.00
577,precipitation,20160602,0.00
578,precipitation,20160603,0.32
579,precipitation,20160604,T
580,precipitation,20160605,0.16
581,precipitation,20160606,0.00
582,precipitation,20160607,T
583,precipitation,20160608,0.00
584,precipitation,20160609,0.00
585,precipitation,20160610,0.00
586,precipitation,20160611,0.00
587,precipitation,20160612,0.00
588,precipitation,20160613,0.00
589,precipitation,20160614,0.00
590,precipitation,20160615,T
591,precipitation,20160616,0.46
592,precipitation,20160617,0.00
593,precipitation,20160618,0.00
594,precipitation,20160619,0.00
595,precipitation,20160620,0.00
596,precipitation,20160621,0.99
597,precipitation,20160622,0.00
598,precipitation,20160623,0.53
599,precipitation,20160624,0.00
600,precipitation,20160625,0.00
601,precipitation,20160626,0.00
602,precipitation,20160627,0.35
603,precipitation,20160628,1.03
604,precipitation,20160629,0.00
605,precipitation,20160630,0.00
606,precipitation,20160701,0.24
607,precipitation,20160702,0.00
608,precipitation,20160703,0.07
609,precipitation,20160704,0.31
610,precipitation,20160705,0.27
611,precipitation,20160706,0.00
612,precipitation,20160707,0.00
613,precipitation,20160708,0.03
614,precipitation,20160709,0.18
615,precipitation,20160710,0.00
616,precipitation,20160711,0.00
617,precipitation,20160712,0.00
618,precipitation,20160713,T
619,precipitation,20160714,0.00
620,precipitation,20160715,0.00
621,precipitation,20160716,0.43
622,precipitation,20160717,0.00
623,precipitation,20160718,0.44
624,precipitation,20160719,0.46
625,precipitation,20160720,0.11
626,precipitation,20160721,0.00
627,precipitation,20160722,0.00
628,precipitation,20160723,0.00
629,precipitation,20160724,T
630,precipitation,20160725,0.00
631,precipitation,20160726,0.00
632,precipitation,20160727,0.00
633,precipitation,20160728,0.27
634,precipitation,20160729,0.11
635,precipitation,20160730,0.33
636,precipitation,20160731,T
637,precipitation,20160801,0.00
638,precipitation,20160802,0.00
639,precipitation,20160803,0.00
640,precipitation,20160804,0.00
641,precipitation,20160805,T
642,precipitation,20160806,0.81
643,precipitation,20160807,0.00
644,precipitation,20160808,0.00
645,precipitation,20160809,T
646,precipitation,20160810,0.00
647,precipitation,20160811,0.00
648,precipitation,20160812,0.00
649,precipitation,20160813,0.00
650,precipitation,20160814,T
651,precipitation,20160815,1.16
652,precipitation,20160816,0.00
653,precipitation,20160817,0.88
654,precipitation,20160818,T
655,precipitation,20160819,0.00
656,precipitation,20160820,0.00
657,precipitation,20160821,0.69
658,precipitation,20160822,0.00
659,precipitation,20160823,0.00
660,precipitation,20160824,0.00
661,precipitation,20160825,0.00
662,precipitation,20160826,0.00
663,precipitation,20160827,0.00
664,precipitation,20160828,0.00
665,precipitation,20160829,0.00
666,precipitation,20160830,0.00
667,precipitation,20160831,0.00
668,precipitation,20160901,0.03
